,ReplayFingerPrint,TeamName,Team,Battletag
13,002c6f7e-201f-cc99-de70-5b573b81bb3b,ff & the pancakes,1,5
35,004c5f8f-e124-05b0-8a5e-e01f286190b7,ff & the pancakes,1,5
43,005c08b8-bf9c-936a-f353-cf8cffa7171d,out of pocket,1,5
52,0070e414-bbbf-2410-1d90-48d701f3cc62,ff & the pancakes,1,5
80,00b651c2-4c44-4095-cb85-40fc021419dc,chogall chocolate factory,0,5
199,01d1a17a-b630-ab18-9398-f76836771426,ff & the pancakes,1,5
263,024ef2e4-cf98-42d2-c3f5-fbdfa6d86c0a,beyonce gnolls,0,5
291,027f687c-989e-5b64-a60b-ffe229273c24,out of pocket,1,5
405,0388d0ae-e185-67d2-c893-2358d20c5138,ff & the pancakes,0,5
420,03b7fc9e-3882-1671-b136-55c01cada314,30 seconds to mosh,1,5
425,03c05fc2-660d-96df-5c06-98f3227d0a76,ff & the pancakes,1,5
494,04456aab-5d77-f878-62ec-16231dae9596,30 seconds to mosh,0,5
528,0485cb53-2a42-f994-060e-e8c5e3461497,ff & the pancakes,0,5
548,04bb16c3-543c-1745-fbc9-5246bb9656eb,30 seconds to mosh,0,5
580,04f2062a-4c92-b619-6617-fc3110f63054,beyonce gnolls,1,5
602,05151f98-f093-4f9f-0d7a-909caf76d954,out of pocket,1,5
611,052dc87e-c3b4-f553-0d85-e2044154b311,30 seconds to mosh,0,5
617,053865ea-e396-cb1a-dfe6-1588e6e4605b,30 seconds to mosh,1,5
637,055c74f6-fc79-a252-b23f-39531735633e,ff & the pancakes,0,5
651,057f0375-ffa6-3ba0-04b7-8856477dfffb,infernal misfits,1,5
690,05da3559-7fe1-c91b-b2d9-daee7f998df0,ff & the pancakes,0,5
691,05da3559-7fe1-c91b-b2d9-daee7f998df0,ycmyccastep7:cheeseawakens,1,5
713,06014cb6-de48-9f00-b563-2b0519f372d7,ff & the pancakes,1,5
727,061e9a0a-33c0-381b-4d69-ea5550fb69f2,30 seconds to mosh,0,5
732,0622812a-dcd3-dddd-6a48-485a5b7e775f,ff & the pancakes,0,5
737,0630140b-6b56-7b92-6dd6-e169e071bfd6,30 seconds to mosh,0,5
759,06503ec4-c707-29e5-88f4-664b726a9d23,infernal misfits,0,5
851,0715bb99-fa73-6ab3-f93d-c35fbc6aa48d,ycmyccastep7:cheeseawakens,1,5
911,07950b68-a59b-88b0-0a64-895bd0dc7576,ff & the pancakes,1,5
1020,088ea5d7-627f-29a1-e2c4-ddc4273070e2,ff & the pancakes,0,5
1065,08f711ee-2001-9939-11a6-1a3157eeca2c,ff & the pancakes,0,5
1092,09325233-a6ab-769f-d041-d8f36dcb1028,ff & the pancakes,0,5
1094,09336aab-3206-3c06-658f-565284f91d84,ff & the pancakes,1,5
1106,095698e2-82d1-c421-0ea1-fd367a335a47,ycmyccastep7:cheeseawakens,0,5
1136,09b30dc2-2de6-1907-0933-68fa2d5e7c9e,out of pocket,1,5
1192,0a3fa679-b23e-1bfa-6243-1bfdf7b3906d,ff & the pancakes,0,5
1237,0aa43090-ace6-b769-6100-ee9a57b45bd9,ycmyccastep7:cheeseawakens,1,5
1265,0ae21f7a-c846-6064-55ab-d9e7d2f33a43,ff & the pancakes,1,5
1322,0b688b74-5bb1-86ce-0006-ac16b899205d,chogall chocolate factory,0,5
1333,0b7a6539-4184-1a66-b9a7-2256b9a70c00,gold dragons,1,5
1372,0bdef314-c906-b807-00e0-a6ea78eb2e64,souls in slowmo,1,5
1428,0c64affc-c1e6-4d2c-a2df-bb7414bc171f,30 seconds to mosh,1,5
1493,0ce995e9-de60-0d0e-4f1e-872d2df6231d,ycmyccastep7:cheeseawakens,0,5
1530,0d502215-1905-d648-cb3b-0ad9eb707b95,30 seconds to mosh,0,5
1531,0d5280b4-4554-6e0b-4484-27cf41c863be,ff & the pancakes,1,5
1567,0da409c4-d003-61e0-3bf2-7174c7212afb,ycmyccastep7:cheeseawakens,0,5
1612,0dfa530f-53dc-39e1-4471-0b431bd61722,ff & the pancakes,1,5
1634,0e26eb2c-e510-f362-fb1e-d4b96eb3039a,infernal misfits,0,5
1704,0ed9a3ca-9feb-2852-4f48-1599b469e455,beyonce gnolls,1,5
1725,0f03df2b-50a7-f0a3-5666-7048ead8fd93,30 seconds to mosh,0,5
1729,0f107777-2741-b3aa-c9a7-91c3a8f52063,ff & the pancakes,1,5
1760,0f568f77-b9f2-e892-bbbd-6ac0bb68b8de,30 seconds to mosh,1,5
1797,0fa361ff-fdf9-e7bf-7095-90f4668db15e,infernal misfits,1,5
1798,0fa54d98-605e-6a9a-b5f7-af3a3f6f6d6c,out of pocket,1,5
1844,0ffee4e1-804a-9b24-3987-daefd626cd72,infernal misfits,0,5
1845,0ffee4e1-804a-9b24-3987-daefd626cd72,souls in slowmo,1,5
1858,1019ba87-7216-ab03-b97b-b54043caf4b9,ff & the pancakes,0,5
1921,10c5b7c0-9c85-d841-06d6-e9ee7afdbb24,ycmyccastep7:cheeseawakens,0,5
1928,10cebe03-73d4-90ba-05f5-c2488bff46f8,30 seconds to mosh,1,5
1951,1113167e-1282-0d51-e39e-3bfa4d16040b,out of pocket,1,5
1987,117532ea-0f07-5b2c-18d7-b72fd27c6a3f,ycmyccastep7:cheeseawakens,0,5
2007,11a5f26d-fe16-f6c5-d256-c625fb050d7b,infernal misfits,1,5
2073,12345b8d-cb76-db93-fe8f-216dad74974a,ff & the pancakes,0,5
2117,12a43896-647c-f95a-ccc1-f572a90a6f87,ycmyccastep7:cheeseawakens,1,5
2118,12a864a3-375e-41a3-a5f2-b4fe077917ae,30 seconds to mosh,0,5
2207,1395dbfe-72bf-c511-7ba3-78f0264c3b12,ycmyccastep7:cheeseawakens,0,5
2220,13ac24bb-629b-6c7d-6d52-10f8ee8a819b,infernal misfits,0,5
2242,13dec64f-2626-78bf-fa1a-60b4e75b53c8,ff & the pancakes,0,5
2310,14755604-7522-b115-97f7-d4cca56bad0b,out of pocket,0,5
2329,14952d59-9469-3521-86ba-bff83435ea84,souls in slowmo,1,6
2406,1530b5df-8624-4418-d7fa-77dc768c44f8,ff & the pancakes,0,5
2422,1565f2b1-c20b-9574-5be6-c20960bc3b0a,out of pocket,0,5
2428,1578471f-dd15-9dda-2e63-109f62465387,ff & the pancakes,0,5
2534,165a7f28-b9cd-e1bc-1d88-7030d55b2d74,ycmyccastep7:cheeseawakens,0,5
2536,165e833f-5360-4fe3-0299-30bcd5d767ff,30 seconds to mosh,0,5
2547,16805ab1-4689-9102-f5f7-772cd8db4cb0,ff & the pancakes,1,5
2609,1701490e-de70-f0d2-5e7e-b60acf5e62ae,out of pocket,1,5
2665,1775cfa9-2326-4fb9-790e-1efd6d9d6e51,30 seconds to mosh,0,5
2726,18030686-2d2e-6b62-655d-ced3f36223cb,ff & the pancakes,0,5
2757,184283c0-fb07-12e0-80f6-dbdc2a0aae85,ff & the pancakes,1,5
2775,1871a768-8859-7bf6-d9c9-4b7e5da87dd7,ff & the pancakes,0,5
2827,18d76eb5-274c-6708-d40c-fc9368db05cb,30 seconds to mosh,0,5
2857,191e6f4a-ba87-7838-ab89-35e44c193e85,30 seconds to mosh,0,5
2907,19a3df01-7501-4786-315f-4fcc2350f38b,ff & the pancakes,1,5
2908,19a42a0a-54db-b70e-4368-0ee012404d8f,ff & the pancakes,1,5
2924,19c26c7e-6a41-a007-dd5a-c4d836ce3810,ycmyccastep7:cheeseawakens,1,5
2925,19c36f00-d65f-1553-caf5-a852aa709186,ycmyccastep7:cheeseawakens,0,5
2943,19e8fb47-3822-8c4d-46bf-b7a7923bd03b,30 seconds to mosh,1,5
2973,1a298d3a-bcdb-b632-423c-080396256dfc,30 seconds to mosh,0,5
3091,1b4c8780-367b-c709-7836-89da69ad7d15,ff & the pancakes,1,5
3115,1b9587f1-84b4-b0e8-d21c-b95c9cc977ed,30 seconds to mosh,0,5
3153,1bde6394-ae7f-5fa8-a9ec-4677c36991a1,30 seconds to mosh,1,5
3155,1be038f2-9920-b319-abb4-b17d0ab62807,30 seconds to mosh,1,5
3292,1d24779a-6ff6-2352-39f7-bc56061a09ae,30 seconds to mosh,0,5
3309,1d565be0-568b-8de5-d613-f517322814a5,ff & the pancakes,1,5
3404,1e30407a-6c33-3ca3-6b48-afc0dbc5e03c,ff & the pancakes,0,5
3421,1e632cf0-af38-77c2-2a84-31cf13e73a75,gold dragons,0,5
3434,1e87555f-ff09-dab2-7b32-70676c920162,30 seconds to mosh,1,5
3546,1f73e050-e8f4-ae22-c862-17821c6f2f9e,ff & the pancakes,0,5
3575,1fbf3a6c-d7ff-89b5-5c24-1befa97d0d0e,ff & the pancakes,1,5
3635,204d38f7-2de6-4825-34fd-a1941cf85637,30 seconds to mosh,1,5
3636,204d38f7-2de6-4825-34fd-a1941cf85637,ff & the pancakes,0,5
3762,213de56a-b4f5-493e-e423-f8e1bd8582a1,ff & the pancakes,0,5
3838,21d1cafa-0aec-9cb8-b582-1e07f28c7769,ff & the pancakes,1,5
3874,222fb09c-112c-b29a-56f4-691fbbdc0370,ff & the pancakes,0,5
3908,22728c89-7b91-d2a7-18b2-0c22b9bea2a4,ycmyccastep7:cheeseawakens,1,5
4062,23e6c0b2-e642-9a4e-dea2-51f40373dbec,ff & the pancakes,1,5
4067,23f1f1ee-df94-ef8e-5a7f-3ab89e55dfe3,ff & the pancakes,1,5
4156,24c7e20e-a211-70aa-7ada-8ba4d41236af,ycmyccastep7:cheeseawakens,0,5
4167,24f33e74-c5d7-d242-fb83-88976c24e1a4,30 seconds to mosh,1,5
4198,25328298-7e33-98bf-b55c-60cf8457f57a,chogall chocolate factory,1,5
4199,25328298-7e33-98bf-b55c-60cf8457f57a,gold dragons,0,5
4257,25c04c91-febc-c1b6-d31c-02e94c0c623c,30 seconds to mosh,1,5
4341,268ea7af-7a1d-c6cf-0830-830e886c6d17,30 seconds to mosh,0,5
4355,26af68db-c91f-aee9-1d5f-9b127f6732ed,infernal misfits,1,5
4422,273c796e-dec5-6e8b-3f71-327e2c16f1cd,30 seconds to mosh,0,5
4538,28237c1a-749c-042d-0d43-5d06ca7d5883,ycmyccastep7:cheeseawakens,0,5
4565,286aafdb-e956-26a5-9043-a1d58aacc3da,30 seconds to mosh,0,5
4575,288f93b9-5b80-802d-256b-3802a7679de1,ff & the pancakes,1,5
4590,28aad364-57f2-97e0-18af-6ade386332aa,30 seconds to mosh,1,5
4685,2995602d-6d68-6a80-6d3a-a594c4f3fd3c,ff & the pancakes,0,5
4750,2a1e66a7-a15b-1ec4-e0e2-e60e02631000,30 seconds to mosh,1,5
4836,2ad4870f-ea36-1046-f2d6-6842ea48bf32,30 seconds to mosh,0,5
4862,2b0bec12-d917-d2eb-c07e-621790481979,30 seconds to mosh,1,5
4880,2b287e43-d9df-1820-3c30-e0ffb8bee16a,30 seconds to mosh,0,5
4941,2b9d9568-cdfc-9947-8fbb-c8587263eb9e,chogall chocolate factory,1,5
4942,2b9d9568-cdfc-9947-8fbb-c8587263eb9e,infernal misfits,0,5
4958,2bcdbcc1-c85d-a39f-f0ca-2c5cae6d9832,out of pocket,0,5
4998,2c18322d-ea90-6c69-b994-5eff3101ff36,ff & the pancakes,0,5
5221,2de0ed71-776d-7cc1-3e92-81c08d0c2e1a,ff & the pancakes,0,5
5271,2e3f4a3d-4076-65f7-f05e-02079eedd344,ff & the pancakes,1,5
5299,2e7e3050-a14c-bff9-c0cc-0dc373085146,30 seconds to mosh,0,5
5325,2eba9e01-d532-cc09-0769-179f2cf0841a,ycmyccastep7:cheeseawakens,1,5
5326,2ebc48c8-7741-212d-9ab5-2b0898d1a9d9,ff & the pancakes,1,5
5335,2ed19a6c-beda-ed0b-00c9-17a961b1e10e,30 seconds to mosh,0,5
5360,2efd67a2-ca08-302c-76bf-5858a58cc4f7,ff & the pancakes,0,5
5371,2f14f751-7d99-33e2-ab5c-b23c1983a9df,30 seconds to mosh,0,5
5379,2f20a52d-b569-3e05-0820-fc35927fae3b,ff & the pancakes,0,5
5406,2f6fd0b0-f508-02e8-7efc-e8e29f315fdc,ff & the pancakes,1,5
5411,2f78d078-646e-f716-d8e5-fde9bed62145,ltk - we hate obj,0,5
5428,2f8f4251-aa05-1b47-7697-069b5c3f35c3,infernal misfits,0,5
5488,30271834-6186-658e-0a42-ec9506c65428,out of pocket,1,5
5506,306e33bc-d445-1d73-5e91-59462defd1e9,ff & the pancakes,0,5
5601,3125546d-3789-552d-87d9-0b21156d3a98,out of pocket,0,5
5602,3125546d-3789-552d-87d9-0b21156d3a98,souls in slowmo,1,6
5683,31ceb32f-6be2-9dbd-3b25-c6c97ed39340,ycmyccastep7:cheeseawakens,1,5
5689,31d454e9-8c5e-fe98-cf28-741f63b0bd0b,out of pocket,1,5
5713,3210efb4-dbcd-7fa7-47a8-43a60d35da48,30 seconds to mosh,1,5
5736,3253c753-4aa6-b659-fa84-0d9b33b80c86,30 seconds to mosh,1,5
5821,331078bb-e87d-9bff-5c77-587c98aef5a7,beyonce gnolls,1,5
5822,331078bb-e87d-9bff-5c77-587c98aef5a7,ycmyccastep7:cheeseawakens,0,5
5846,3350abc7-6990-d4e4-5028-941018ce4a75,ycmyccastep7:cheeseawakens,0,5
5848,33564157-0a23-7bf7-4f95-21ed53d32be5,ycmyccastep7:cheeseawakens,0,5
5854,3366477f-f3f0-8a49-62c0-c4a7284d7180,out of pocket,0,5
5899,33c3a73e-61ab-47f3-1a93-184effd982c9,30 seconds to mosh,0,5
5907,33dabced-e072-e32a-47cf-6e08f88d1c4a,ff & the pancakes,0,5
5923,33fc4e9f-762d-113f-873e-77b74715f26d,ycmyccastep7:cheeseawakens,0,5
6004,34c402b3-85fb-9829-efb3-ef89d3ffb5a0,30 seconds to mosh,1,5
6104,35a31ac1-6b6e-5e5f-2ad0-2a4e8272fd5d,30 seconds to mosh,0,5
6114,35bc3da1-acc6-ee50-e50e-97eb2327eccf,out of pocket,1,5
6118,35c2784f-bf52-d0f6-1bf4-8905be037bb6,ycmyccastep7:cheeseawakens,1,5
6149,3603e4e8-976a-dd58-c548-7beead6f0e17,ff & the pancakes,1,5
6175,363d37c8-99c7-418f-9e10-1480f2701124,30 seconds to mosh,1,5
6226,3699e5c6-0bf9-551e-e5fc-d6eac66ccca0,ff & the pancakes,1,5
6242,36b13597-8834-d071-1674-f94de0e55fc0,ff & the pancakes,0,5
6251,36bfb696-1074-3666-ebaa-6bcadc3bd587,ff & the pancakes,0,5
6253,36c13d8d-3cd2-67ee-80d5-0304414f152b,ff & the pancakes,1,5
6262,36d30ff6-4775-7ac4-948d-9f2169a682d1,30 seconds to mosh,1,5
6279,36f9027f-3aff-c26a-aa63-38b978d391e0,30 seconds to mosh,0,5
6311,3739f5e9-1136-c9ca-19f5-be023b00fbda,ff & the pancakes,1,5
6394,3804a96e-9fb8-ddc1-1f56-21ab27129c5d,infernal misfits,1,5
6541,3925693f-73c3-0cdf-8982-c43e14a3df67,30 seconds to mosh,1,5
6544,392e73b2-66d3-f962-9b19-96b4592b3c95,infernal misfits,1,5
6640,3a25f270-bcc7-1466-2697-052b8a1e8e4d,ff & the pancakes,0,5
6667,3a630505-1cb8-2c64-282d-d1bf0b97c231,infernal misfits,0,5
6763,3b41aa04-39f8-7901-69f2-2dc98727ae96,ff & the pancakes,0,5
6796,3b7d7815-98b5-adf3-f62d-5035272ffe8c,30 seconds to mosh,1,5
6810,3bae64cc-d8e5-1b42-259f-bed8a6441b56,ycmyccastep7:cheeseawakens,0,5
6880,3c5a1290-90d0-594f-691d-4dac903235e1,30 seconds to mosh,1,5
6922,3ca2b687-9bf5-f577-e61a-23b79a38f8de,30 seconds to mosh,1,5
6937,3cd18db0-fbc8-18c0-a9dd-042bd8350e2f,out of pocket,0,5
6957,3cfe5c56-99ac-2868-8e60-6ce59a6804ff,ycmyccastep7:cheeseawakens,0,5
6966,3d15b3da-160f-478c-8543-fdedf8ad7e66,ycmyccastep7:cheeseawakens,0,5
6983,3d3534f5-55f5-c5d8-85e3-d9ba136a5f03,ff & the pancakes,0,5
7191,3f102753-b8f2-9756-3179-48466002d246,ycmyccastep7:cheeseawakens,1,5
7195,3f1cda45-1ca9-0739-54af-b815cd08a3be,out of pocket,0,5
7202,3f2897d4-d2e2-d327-8b77-5fe97b576958,30 seconds to mosh,0,5
7244,3f88d0c0-e8f6-9977-5466-2335a7d138ce,beyonce gnolls,0,5
7319,4039749b-8438-85d5-ed92-7010abf6b0b5,chogall chocolate factory,1,5
7320,4039749b-8438-85d5-ed92-7010abf6b0b5,out of pocket,0,5
7336,40540a84-ba9c-5d2e-25cd-1bfd982a3615,infernal misfits,0,5
7360,4098f407-fab9-9ebf-5f19-c6cd15e82d46,ycmyccastep7:cheeseawakens,1,5
7361,4099392e-1305-ac05-814e-6263dc7c20c2,30 seconds to mosh,1,5
7375,40c2fd1f-b2dd-c727-fa41-78a322cd76f5,ff & the pancakes,0,5
7401,4117ffb6-a63d-38fd-8746-72438577eb34,ff & the pancakes,0,5
7458,416be9f1-c217-f7d2-f4a2-777d54b67467,30 seconds to mosh,0,5
7511,41ec2d08-44c7-1100-256a-9f95d1611e05,bunker fun time academy,1,5
7526,420e3950-5eb3-7795-a39e-68d9804738fe,chogall chocolate factory,0,5
7530,42202ec2-826f-d39e-bff6-3c572fe5774b,ff & the pancakes,1,5
7569,426c2b99-8150-27df-49c7-b5eecb2ead49,ff & the pancakes,1,5
7627,431bc565-bcc5-e501-dd1a-c1c15b30193e,30 seconds to mosh,0,5
7628,431bc565-bcc5-e501-dd1a-c1c15b30193e,ltk - we hate obj,1,5
7677,4396f733-16d5-dcfd-22d0-4f33528dd1b6,ycmyccastep7:cheeseawakens,1,5
7682,43a2ba7f-a529-223b-f2fb-9ae2191ac742,ff & the pancakes,0,5
7726,43fc0448-6949-f71d-caa9-a0a775faf75c,infernal misfits,1,5
7771,445b5aca-9150-44ef-e5dc-1206624d2d99,out of pocket,1,5
7777,4467c8ad-3cbf-0a42-6f37-5e216e3e6dee,30 seconds to mosh,1,5
7783,4483e158-77dc-f2e3-47ec-5f65b09d7444,ycmyccastep7:cheeseawakens,0,5
7807,44c10495-416e-9dab-17f0-f2ce4f196479,ff & the pancakes,1,5
7820,44db482a-e49e-2025-426b-3bdbe75dbc94,ff & the pancakes,1,5
7838,450ba248-942c-4884-37ce-2f031cee473a,30 seconds to mosh,1,5
7887,45655dde-2b45-a8fd-e91f-2b177a97bd4a,out of pocket,1,5
7915,4595d056-6236-e077-0aac-826592e9a716,30 seconds to mosh,1,5
7979,462836be-38a4-830b-d6f9-87aef1910d1a,30 seconds to mosh,1,5
8008,467322aa-3040-5a21-126c-27a0f5ccad2e,ff & the pancakes,0,5
8025,46a6b772-72dd-4526-db80-e6b53dc804f2,ff & the pancakes,0,5
8028,46b5d8ef-466d-d1fc-d8e2-98756c5bd472,out of pocket,0,5
8047,46fc8fbf-283a-3a38-2a6c-d2a70f2ec553,30 seconds to mosh,1,5
8097,47718fa8-55ac-c78c-cd33-b3759c8a4a29,infernal misfits,1,5
8118,47aa1b62-4933-64f2-fc14-c906b722ca27,ff & the pancakes,1,5
8119,47aa1b62-4933-64f2-fc14-c906b722ca27,ltk - we hate obj,0,5
8199,4837a4b2-5973-4af5-b521-835f99fd2eb6,30 seconds to mosh,1,5
8231,487043d3-675f-c68d-faf4-e06a0fbc4133,ff & the pancakes,1,5
8237,488429b4-8c78-78b1-70ec-0a67752055fa,ff & the pancakes,1,5
8303,492fe689-e25f-91fc-ced6-e6ca08a52be2,ff & the pancakes,1,5
8335,49790dee-28df-1bcd-b1ba-aa39efe89188,30 seconds to mosh,0,5
8344,49892df6-cf50-a7d3-1de6-f0e402755beb,ff & the pancakes,1,5
8395,49f56cd3-95b3-800a-dd3f-c701a940fc9f,30 seconds to mosh,1,5
8396,49f56cd3-95b3-800a-dd3f-c701a940fc9f,souls in slowmo,0,5
8412,4a1be1ae-2935-3653-4600-3c4a372b89ac,ycmyccastep7:cheeseawakens,0,5
8483,4ac93a3b-0ce3-1315-a097-2d4f4024f248,ff & the pancakes,0,5
8672,4c82ed5d-31f8-82e3-a445-96aee1d0205c,30 seconds to mosh,1,5
8854,4e105d9f-717d-324f-9a93-e6de6bd4ea73,ff & the pancakes,1,5
8883,4e3eab57-ec1a-3852-688c-91f91acb12fd,30 seconds to mosh,1,5
8934,4e93495d-5d9b-9229-b397-1f2b29ad30c9,ff & the pancakes,0,5
8946,4eb3709c-0458-2665-f751-3a6aea6f4583,out of pocket,0,5
8996,4f0c8da7-2cff-002e-4746-9673fce954bd,30 seconds to mosh,0,5
9035,4f5b4057-7911-2e8b-adb3-61dbce28de22,out of pocket,0,5
9066,4fa549a3-a1fe-2d12-c055-8cd3c4ed00ea,ff & the pancakes,1,5
9070,4faadf3b-3e09-03ea-8b5f-7101672696e0,30 seconds to mosh,1,5
9071,4faafe8b-ec3f-362e-c01b-486f86f9bfc7,ff & the pancakes,0,5
9090,4fdc01c3-7f7a-b450-9697-93ac36fedcb3,ff & the pancakes,0,5
9160,505eda73-8bbb-860a-4c6e-de4a97fdcf03,ff & the pancakes,0,5
9266,514638a6-5814-b63a-55b9-2cddae8f6d40,ff & the pancakes,0,5
9332,51f2fbfa-e136-895f-cb3a-1d6869d37667,ff & the pancakes,1,5
9357,522b2be8-4de0-3ece-b8a5-24f7cf425d59,ff & the pancakes,1,5
9358,522b2be8-4de0-3ece-b8a5-24f7cf425d59,gold dragons,0,5
9389,526d3cba-e90a-0c33-4614-c64757e34111,ff & the pancakes,0,5
9397,52788280-5c5a-4de9-61a6-6d88b9ac71e3,ff & the pancakes,1,5
9401,527da344-0ca9-4600-588b-ec5c325ccc65,30 seconds to mosh,0,5
9402,527da344-0ca9-4600-588b-ec5c325ccc65,ltk - we hate obj,1,5
9407,528be483-ad6d-a369-f4ca-088fd347851a,out of pocket,0,5
9409,528e2308-db5b-560b-bbda-8c7841ee79ef,ff & the pancakes,1,5
9472,5326a455-d8da-90c3-9f9f-16a64c18c35d,ff & the pancakes,0,5
9506,536dad3e-6092-1adb-510b-b8de108813e2,souls in slowmo,1,5
9511,53772f59-8cd6-7834-832f-e2d0d7d97d59,beyonce gnolls,1,5
9528,5398cd1d-ff93-768e-fa72-52c2e4ab7553,ff & the pancakes,1,5
9536,53ad201c-0a6c-fcd5-e13a-714693a3fa9f,30 seconds to mosh,0,5
9573,53f6fb5b-9a99-ff6c-bd34-66f12d288ce5,out of pocket,0,5
9622,54581857-8334-f5be-9654-262b62931382,30 seconds to mosh,1,5
9658,54b139f3-98fb-82e5-e109-f38be5fb135d,30 seconds to mosh,0,5
9661,54b5b29f-0d8f-fe02-500d-3d9d97cd5bac,ycmyccastep7:cheeseawakens,1,5
9665,54c0a271-f239-aa48-83cc-bbd24ec74909,30 seconds to mosh,0,5
9732,5545c7bb-3547-09ee-eca6-bd6c28e133a5,ycmyccastep7:cheeseawakens,0,5
9752,5565af6c-5fc8-5c5e-558b-857228f584f9,30 seconds to mosh,1,5
9758,55751002-e61e-7fa2-68c2-bc385042901f,ff & the pancakes,0,5
9774,5596028e-a69e-d4a6-2557-16107a929eeb,infernal misfits,0,5
9775,5596028e-a69e-d4a6-2557-16107a929eeb,souls in slowmo,1,5
9867,5663d255-bccf-26be-1764-5c30c968c019,out of pocket,1,5
9902,56a82274-64f5-c8eb-7013-2728841d29b2,30 seconds to mosh,0,5
9989,57652994-df76-6094-0f6d-2fdc6b47774a,out of pocket,0,5
9992,576a8ef1-ffcf-9b2a-2f16-212469247e0b,30 seconds to mosh,1,5
9994,576b133d-4b1c-0245-f9e1-0cc36d7f7091,ff & the pancakes,1,5
10004,578160e5-f976-1742-888a-41bb54fd4534,ff & the pancakes,0,5
10013,578e12ea-dc94-3f92-ce58-f337d6464f54,30 seconds to mosh,0,5
10038,57c09e4d-2a6e-5ca2-ed10-29b6c97b6404,ycmyccastep7:cheeseawakens,0,5
10095,58301594-9723-d140-4ca8-18743b429864,30 seconds to mosh,1,5
10171,58b8d304-56ec-07c4-30ab-1003e33aeae4,ff & the pancakes,0,5
10206,59121898-ba07-8e2d-f88c-7b052e2d2fa3,30 seconds to mosh,0,5
10232,5940ca04-7188-e724-fb31-cbd584c8c441,ff & the pancakes,0,5
10233,5948a9d6-ee22-8719-f80f-26739d8265eb,out of pocket,0,5
10293,59d05c1b-656d-5d3a-eec2-98555ae765de,ff & the pancakes,1,5
10312,59ee9da7-21e7-2f39-334e-f3e8fbf408b3,30 seconds to mosh,0,5
10331,5a0bf934-a370-b557-a77d-27355db4cc26,ycmyccastep7:cheeseawakens,0,5
10352,5a458139-40c0-499a-f1cb-3ef9aabc7acf,chogall chocolate factory,1,5
10353,5a458139-40c0-499a-f1cb-3ef9aabc7acf,gold dragons,0,5
10367,5a872f55-ff8c-8d0e-8388-c947da80da97,ltk - we hate obj,0,5
10399,5ac0cd9e-22c6-e019-33bc-d5f0cdf5aec2,ff & the pancakes,0,5
10403,5ac9dae5-c4f3-cb23-a3dd-e018dc94a03d,beyonce gnolls,1,5
10404,5ac9dae5-c4f3-cb23-a3dd-e018dc94a03d,infernal misfits,0,5
10529,5be53ccf-e7e1-c40f-acdc-9399cfb00445,ltk - we hate obj,0,5
10581,5c752ffa-b924-1123-6632-bda2bbaad95e,ff & the pancakes,1,5
10592,5c93aa59-3988-3883-fad4-62488b304af9,ff & the pancakes,0,5
10596,5ca34c9f-8000-d792-de99-4ec43a9c6235,30 seconds to mosh,0,5
10680,5d66350e-761e-5fbc-5c84-dc741f626ffa,30 seconds to mosh,0,5
10685,5d6f75fb-d0c0-74e7-6126-7c05a426f7c4,out of pocket,0,5
10727,5de8a2bb-2994-7b84-8338-25cd8286f146,ycmyccastep7:cheeseawakens,0,5
10773,5e50c6f0-fd36-565f-0ad9-5f6fd1934e48,ff & the pancakes,0,5
10780,5e64bc61-5ca7-f795-d8ef-08eab1d9c29e,30 seconds to mosh,1,5
10830,5ecff8f2-290d-d9c7-35d9-7a24df768aa3,out of pocket,1,5
10890,5f4d1c44-6859-48e5-fd65-6f2f85c199d7,ff & the pancakes,0,5
11008,606751af-49c5-d60b-948f-2f8ba1e43b20,ff & the pancakes,0,5
11013,60709305-37a1-bff4-bcd3-9f81d31dae7d,30 seconds to mosh,0,5
11030,6092942c-04f9-8580-c032-437e943e67f1,ff & the pancakes,1,5
11044,60b0547b-68c6-7e1d-cfbe-1999396d1192,ff & the pancakes,0,5
11056,60c9c72d-91ea-d6c3-bdb4-022d4e1d4cb8,out of pocket,1,5
11063,60de056f-0656-3613-127a-99033a0185c9,ff & the pancakes,0,5
11066,60e62700-48d7-1754-5f8a-87b58b95c01c,ff & the pancakes,1,5
11082,6106d86e-272a-69d4-2edd-86722875bf6d,30 seconds to mosh,1,5
11111,6149eb33-fa41-e9b6-f330-608b028ce705,ycmyccastep7:cheeseawakens,0,5
11124,616d427f-390b-3050-63e0-8f456e18749a,ltk - we hate obj,0,5
11125,616d427f-390b-3050-63e0-8f456e18749a,ycmyccastep7:cheeseawakens,1,5
11149,61b1e98c-04fb-2ae5-1ca0-6622a8f9a499,ff & the pancakes,0,5
11313,62fccdd6-a70b-0ee2-c6fd-e044cfb57aa3,ff & the pancakes,1,5
11419,63f32c28-4d9e-5c45-00db-e6ba091cfdda,out of pocket,0,5
11483,64747ef4-e982-2a29-20b5-66a8a2b26f47,30 seconds to mosh,0,5
11552,64fb1f8c-94e0-e8a7-9eb0-3777c5a066a2,ycmyccastep7:cheeseawakens,1,5
11574,652d6308-957f-b6cd-8480-87059bd11fe4,30 seconds to mosh,0,5
11619,6590b890-68f9-3ff6-4fed-f66a76765cc9,out of pocket,1,5
11656,65c9d4e3-a0c8-f6c2-56e9-a7f67352e580,infernal misfits,0,5
11664,65de7493-4b22-656c-4f40-87510aadd570,out of pocket,1,5
11708,6632be63-73c8-f181-6484-77e57be31f0b,souls in slowmo,0,6
11710,6637d74a-dc81-6306-d16d-dd332d37fd4e,30 seconds to mosh,1,5
11727,6650bf47-133e-0452-a049-6ead7f7798ce,beyonce gnolls,0,5
11760,669c934a-ed97-bda5-0475-df25f7dbe46d,out of pocket,1,5
11779,66be1627-b7d7-b10f-799a-086d7f80ebac,ltk - we hate obj,1,5
11788,66c88bb2-24dd-31cc-1b7f-18e1c28b1ef3,30 seconds to mosh,0,5
11830,6737bfe2-4c46-309b-35b8-6de5871bf057,gold dragons,1,5
11858,676bda3a-8930-c054-e111-4badd564abb5,30 seconds to mosh,0,5
11879,678d515b-c3cf-e497-2779-a95a2d1269c0,30 seconds to mosh,1,5
11888,679bae83-2792-0711-4d0e-cfa62acb553d,souls in slowmo,0,5
11892,67a35152-70a3-0e94-2ff4-19808fffd0a6,ff & the pancakes,0,5
11912,67c4e69e-dbec-c2d6-0012-78e2dbd4ec12,ff & the pancakes,1,5
11914,67cb9536-a1b5-4bd9-0704-ee4821d21a19,30 seconds to mosh,0,5
11936,680b8b0a-e684-4882-6797-2693ecb55f81,30 seconds to mosh,1,5
11942,6816b116-896c-baa3-4256-713346e99664,30 seconds to mosh,1,5
11962,68436607-fa58-a10a-48fe-0391edca5320,ff & the pancakes,0,5
12032,68d01009-7de9-da27-5d5b-f9849a11e610,infernal misfits,0,5
12041,68dea018-0f47-dc72-0700-28d328ffb116,ff & the pancakes,0,5
12067,6933e106-e90c-1ee9-9314-26d5541db699,ff & the pancakes,0,5
12103,698ced14-0937-3776-c03c-18d44ea9bceb,ycmyccastep7:cheeseawakens,1,5
12153,6a092ce5-8cd6-b5ed-129d-70f0d39babd0,out of pocket,0,5
12156,6a105fb7-a5bc-6169-46f6-0fe18e064249,souls in slowmo,1,5
12161,6a1b261e-dda5-c5fa-82c5-5aaa2c6b2d8b,30 seconds to mosh,1,5
12249,6ae704a7-3e41-da8e-169e-91937177544c,ycmyccastep7:cheeseawakens,0,5
12274,6b2a3ad0-cf15-387a-a627-47795d824148,out of pocket,0,5
12275,6b2db652-4307-e0d5-1750-4addd022b9ce,30 seconds to mosh,0,5
12291,6b5d1610-484b-7543-f55f-f8773256944d,30 seconds to mosh,1,5
12321,6bb51aa8-c2a5-0db2-916e-5e9ebc190f45,30 seconds to mosh,1,5
12379,6c557991-4dd3-bfc7-7269-c1195785ea50,30 seconds to mosh,1,5
12407,6c8d885b-ffe9-c6e0-d4a6-47859e108432,30 seconds to mosh,0,5
12416,6ca4db81-4f01-212a-037b-272b30dee54b,ff & the pancakes,0,5
12441,6cc93876-ca6f-1861-9c3a-1438d4686574,ycmyccastep7:cheeseawakens,0,5
12565,6dca1f04-9b15-10d4-981c-39c637e51aa9,30 seconds to mosh,1,5
12661,6eafde7b-1bbc-50ac-6b2f-e7609ee941f2,ff & the pancakes,0,5
12685,6ee53bb0-1547-532b-8a6f-34b331e0743a,gold dragons,0,5
12688,6ee89eb7-eec7-ce4b-9cb8-3c99ce0f45f9,30 seconds to mosh,1,5
12733,6f47a00f-6896-811a-5289-a389b4b9c25c,out of pocket,1,5
12765,6f8ff132-70e0-37a9-c78f-3cb3881ed582,30 seconds to mosh,1,5
12807,6fd92524-4db0-32ce-367b-014db06bc2de,30 seconds to mosh,0,5
12842,70119d29-f446-4c29-8c83-238d9c67eb6c,gold dragons,1,5
12850,702ab473-457c-7fb4-882d-2ed1f70b83d0,30 seconds to mosh,0,5
12859,703dcc82-4c2d-3dfa-6307-b5356af65a5b,ycmyccastep7:cheeseawakens,0,5
12895,7090d3ce-7930-4762-eef3-e2c77a80a521,ff & the pancakes,1,5
12915,70b0eaef-4426-59c8-7923-94fad4209d5a,30 seconds to mosh,0,5
12976,712f650c-8d12-9e70-b8ea-1f23147c0105,30 seconds to mosh,0,5
13025,71a8670a-08a5-009f-0ad1-96828506af51,ff & the pancakes,1,5
13040,71d7bc0e-e9b9-4775-8995-8b62842024d8,souls in slowmo,1,6
13055,71f255c3-b525-db2b-bd20-7452833317b9,30 seconds to mosh,0,5
13056,71f255c3-b525-db2b-bd20-7452833317b9,ycmyccastep7:cheeseawakens,1,5
13076,722b9b51-9cc4-2537-d60f-df181d4dc755,ycmyccastep7:cheeseawakens,1,5
13092,724d9874-e966-2328-a8a7-f76ee44024ff,ff & the pancakes,1,5
13127,729bb6d0-f555-e6f5-35b9-01c9ec570a83,ff & the pancakes,0,5
13180,731b7e1d-e768-eb8e-0af8-c54ff7e37b3e,30 seconds to mosh,0,5
13223,736eb808-6881-ce1d-c7ed-9e4e1f495371,30 seconds to mosh,1,5
13233,7385f868-ab12-cb5d-56b4-ca3eaa992dbf,ff & the pancakes,0,5
13244,7396bda9-2a02-a7b9-a666-fae8c425e730,ff & the pancakes,1,5
13270,73baae41-b545-76b1-d3c4-fb54cd77dd91,infernal misfits,1,5
13289,73e734ba-6f28-082d-14f4-d85d477afcd0,30 seconds to mosh,0,5
13324,743bd8a2-fceb-80dd-54eb-dd107a92e0df,ff & the pancakes,1,5
13363,749617a5-87ea-7bd7-f74b-e6d10faf9969,chogall chocolate factory,0,5
13367,749a6d1a-6491-774a-4758-e04bba4e34e4,30 seconds to mosh,0,5
13432,75310633-4bb1-5604-78c6-d861d229d4ec,ff & the pancakes,1,5
13433,75310633-4bb1-5604-78c6-d861d229d4ec,ltk - we hate obj,0,5
13448,755bb205-d27b-4f1e-f948-737fb8196562,ff & the pancakes,0,5
13451,755f8f71-8d67-fbcf-c47a-0d415592ce09,ff & the pancakes,1,5
13465,757d6465-9564-59f2-1fc5-de3e8205a6b6,ff & the pancakes,1,5
13503,75cd6c8a-6de6-6a3f-11eb-387e57fc6a62,30 seconds to mosh,0,5
13505,75cfe407-5814-7377-0088-6f91957fc1f7,beyonce gnolls,0,5
13506,75cfe407-5814-7377-0088-6f91957fc1f7,out of pocket,1,5
13512,75dd8319-1f9d-2c37-79c9-573db4010b3d,ff & the pancakes,0,5
13530,76033282-867e-2c7d-61c6-d2100a29ab39,ff & the pancakes,0,5
13535,760f905e-e656-82fb-4c21-67ea7ea775f3,ff & the pancakes,1,5
13624,76dac403-e3da-10c3-bce0-d19be03b1203,ff & the pancakes,0,5
13647,771a607a-3cfc-9b88-bfeb-b82bfff271fa,ycmyccastep7:cheeseawakens,0,5
13660,773028e3-ee55-c3ef-19e2-b836b43ca2fb,ff & the pancakes,1,5
13666,7741084f-b06e-624e-3eca-5b9cc3cba282,ff & the pancakes,1,5
13691,77746d9c-2be1-16dd-0327-08e7d70d2269,30 seconds to mosh,1,5
13733,77c95b3f-51c2-efe1-b35b-6d8f0396e21a,30 seconds to mosh,1,5
13775,783aad4d-0905-92cc-bb5c-e48ea1c22a22,ff & the pancakes,1,5
13824,78ae866c-3e14-c3ad-76d1-1fc52cb1df82,30 seconds to mosh,1,5
13868,79190b65-235f-f9f5-7725-53ebc5071207,beyonce gnolls,0,5
13874,7929a029-82aa-ed81-d104-cbb231f190c8,ff & the pancakes,1,5
13989,7a3dca84-4874-14d3-68bb-77bed32abefe,ff & the pancakes,1,5
14027,7aa70933-84dd-c5a1-3f6a-6d1e645f7fd0,ff & the pancakes,1,5
14032,7ab08dc3-b1b8-78c9-075c-46919f9a5884,ff & the pancakes,1,5
14039,7abac9f1-38f9-3ddf-379e-aec2e6cc65bd,ff & the pancakes,0,5
14051,7ae36ae2-9768-f0c2-089d-65da7586d034,ff & the pancakes,0,5
14068,7b0370eb-8aeb-aa6d-3bb9-8008568ca33e,30 seconds to mosh,1,5
14144,7bb547f7-bcf8-0255-c218-bdbd6eb40c6d,out of pocket,1,5
14152,7bd2a00e-06cf-b14f-7bfa-ccc84d02f806,beyonce gnolls,0,5
14232,7c816b81-98df-57a6-1162-acd75fe7544b,30 seconds to mosh,0,5
14240,7c8f47ee-10ac-4309-8e51-b590031311c0,ff & the pancakes,1,5
14306,7d01927f-5bb7-d558-6d49-81beb48d82da,ycmyccastep7:cheeseawakens,0,5
14325,7d1f4b9e-c97a-0280-a0a3-cb3b1aea0bbf,ff & the pancakes,1,5
14443,7e2cdeac-fa82-11ca-505a-b93ffe1127aa,ff & the pancakes,1,5
14503,7eb095cf-0cd5-a9e9-84a7-f9c6dd50d701,ff & the pancakes,1,5
14559,7f2af3fd-2040-c413-2886-ded5f2bb141b,gold dragons,1,5
14626,7faefa1f-4d0e-4397-b577-9d7fcdd55e27,30 seconds to mosh,1,5
14653,7fe4f499-dbc7-a662-fc26-5ba66f912c20,ff & the pancakes,0,5
14760,80cb6c03-015f-5006-b4bc-7df4d953d00c,ff & the pancakes,1,5
14791,81122b44-1939-6de9-f87e-61d1d587afc5,infernal misfits,1,5
14794,811cb05d-3048-1492-b101-2a9fc02d9e7d,30 seconds to mosh,1,5
14795,811d0295-b9ac-d2c5-bb6f-766a3b9f1830,ycmyccastep7:cheeseawakens,0,5
14843,81868ad6-db08-3716-8066-30e53667d98f,ff & the pancakes,0,5
14942,824c067b-d5c2-1d0f-8cd7-c6a21ece8447,out of pocket,1,5
14992,82c08204-5a6f-d11e-fe69-5e40b5fe90ec,out of pocket,0,5
15064,83645105-8193-9c70-80fc-3ad6311e68d4,ff & the pancakes,1,5
15209,8474a56f-4fc8-bb22-1341-aadd805f44e4,ff & the pancakes,0,5
15220,849b3774-0246-47c0-4169-0992604e31f8,smoke,0,5
15257,84e56ee9-3268-a72d-be1a-d8b108c1c20e,out of pocket,0,5
15306,855a76b5-d843-66d3-8658-61744836a514,ff & the pancakes,0,5
15348,85bf25b1-6a74-c416-635d-00863b7aea0f,ff & the pancakes,1,5
15364,85e9bc1f-a8b5-27f9-7507-1fe11e4df769,out of pocket,1,5
15468,86cc9df9-dc59-1faf-babe-4e01baf1f4b2,30 seconds to mosh,0,5
15476,86def25c-2034-17eb-0c58-0c9b3bac4ff6,ff & the pancakes,1,5
15519,8728b54d-ad75-1474-d75d-2b4a3a28cc23,out of pocket,0,5
15628,87f6d4cf-c211-7a20-e649-c8d21775ebc0,ycmyccastep7:cheeseawakens,1,5
15698,88943d1f-9327-b5fb-98e3-ade9e98aaf93,out of pocket,0,5
15769,893f5f00-2cec-9fc6-0af5-81d1a8fa7490,ycmyccastep7:cheeseawakens,1,5
15850,89df1a72-6da8-b0c0-26ab-5911f10ceb6a,ff & the pancakes,1,5
15913,8a773abe-130d-390e-607a-c2cf1340e4ac,30 seconds to mosh,1,5
15916,8a7957ab-56d6-720d-c35a-2c9a17298eee,ff & the pancakes,1,5
15964,8b070c7c-e67e-2b70-f98a-d97cf474ae29,beyonce gnolls,0,5
15966,8b0f6f9a-a1b2-cb0f-696c-556e13263d86,ff & the pancakes,1,5
16039,8bac83a4-3388-18f1-052f-6831a844fd76,ff & the pancakes,1,5
16077,8c04244b-fba8-5b32-4714-dd9f361445a1,30 seconds to mosh,1,5
16126,8c6c6e68-cabe-87eb-78fd-4b293ff42af8,souls in slowmo,0,5
16140,8c85bc21-8a07-307c-0a7f-871b5dce570b,out of pocket,0,5
16177,8cd41266-fcc2-5941-1f62-4ba0e1be6d51,ycmyccastep7:cheeseawakens,1,5
16207,8d144273-b167-09b0-1c9e-f1d494caacaa,30 seconds to mosh,1,5
16369,8e8b9e27-d3e3-b09b-1c78-606c48121228,beyonce gnolls,1,5
16401,8ed8e18d-78f3-d61e-9013-0298e8b254eb,30 seconds to mosh,0,5
16431,8f278887-e6da-a3ab-b76e-7017c6fcfa45,ycmyccastep7:cheeseawakens,0,5
16464,8f66f83e-f8fb-fe26-b77f-bc7b09d4b2ea,30 seconds to mosh,1,5
16555,90355b96-97e9-7f12-003b-acebe020b8f3,30 seconds to mosh,1,5
16665,9141d4e0-8c18-da14-c7fa-c5228209b66b,souls in slowmo,1,6
16721,91d78b0f-75dd-928b-02e5-ba3dd97cc4a9,out of pocket,1,5
16744,9229a1e1-880a-075e-ae55-850b206d3108,gold dragons,1,5
16766,92742ec7-d80e-541b-b171-013587d8269c,ff & the pancakes,1,5
16773,9278d77e-c6a3-f72d-67d5-ac0ec183fac4,ff & the pancakes,0,5
16774,9278d77e-c6a3-f72d-67d5-ac0ec183fac4,ycmyccastep7:cheeseawakens,1,5
16779,9281fd9b-f12f-e54e-e3c8-e26e40f860a5,souls in slowmo,0,5
16784,928a98b7-3369-05f4-7188-a40153d80762,ff & the pancakes,1,5
16911,93ace8c3-6107-eca3-c2ea-3435b1e78cfd,ycmyccastep7:cheeseawakens,0,5
16924,93dec487-31fb-f21f-bf26-332cbdeaf405,30 seconds to mosh,1,5
16936,93f5a654-68b3-5a64-4d43-b9a671c27f33,ycmyccastep7:cheeseawakens,1,5
16955,94182436-8b0d-4e9f-bdb3-c5fb96fb9118,ff & the pancakes,0,5
17046,9516b812-6230-8f50-cd79-d758a05c1d79,ycmyccastep7:cheeseawakens,1,5
17054,9521fef7-8946-2157-b007-672d834df15e,ff & the pancakes,0,5
17061,953aa5cd-e53d-f612-7f67-c469ac9bedac,out of pocket,0,5
17099,9590afa9-28a1-79c8-f050-c45fe0fe7c84,ff & the pancakes,0,5
17204,96955950-940a-672a-5d01-427e47d9b9ac,ycmyccastep7:cheeseawakens,1,5
17210,96ad5c83-ed64-46a1-9e5e-e1b3dcb4e1d7,30 seconds to mosh,0,5
17212,96af13a2-e620-ef0b-e2b0-ef6b7540923f,ff & the pancakes,0,5
17242,96f59321-4b60-edfa-c09c-9033c55a0ac5,ff & the pancakes,0,5
17289,97563524-96ee-b4b3-96a5-ef196304a159,ff & the pancakes,0,5
17346,97e2c76b-6672-5055-cb71-3d25db2d516e,ff & the pancakes,0,5
17385,9843852a-77ce-3f12-f710-10a6eb278e74,30 seconds to mosh,1,5
17433,989dd50f-6576-4b9e-17f3-a0d7ea5ac4df,smoke,0,5
17434,989dd50f-6576-4b9e-17f3-a0d7ea5ac4df,souls in slowmo,1,5
17525,9957990e-a136-2317-7b32-be54364c2621,chogall chocolate factory,1,5
17526,9957990e-a136-2317-7b32-be54364c2621,infernal misfits,0,5
17557,99acb1ec-c162-e072-5529-b8417bc3f048,ff & the pancakes,1,5
17558,99acb1ec-c162-e072-5529-b8417bc3f048,gold dragons,0,5
17571,99ce3f5c-3440-b1db-7729-913f9ea63c51,ff & the pancakes,0,5
17572,99ce3f5c-3440-b1db-7729-913f9ea63c51,ycmyccastep7:cheeseawakens,1,5
17575,99d0280f-41a1-4db1-dc7a-9f92e7fa060c,30 seconds to mosh,1,5
17618,9a257385-646d-399d-c507-38831469d703,ycmyccastep7:cheeseawakens,1,5
17646,9a58d3b1-895c-8c0c-9bab-24326585dfd1,ff & the pancakes,0,5
17654,9a67d655-1679-6616-cbd3-cd6d27eef5fd,ff & the pancakes,1,5
17672,9a977582-49e7-eeea-da2e-5cbf0144da69,ff & the pancakes,1,5
17676,9aa2e078-b999-7d62-bee3-219e989a99ed,ycmyccastep7:cheeseawakens,1,5
17686,9ab40d99-d611-06b4-883c-20cc83ea02b0,30 seconds to mosh,0,5
17762,9b62fb68-e462-cc5e-048e-c132b4201d97,ff & the pancakes,0,5
17764,9b669609-9e50-ded9-360f-f5f368643ace,30 seconds to mosh,0,5
17804,9bd9b9f7-b607-ab1b-3360-256a68b8de82,ff & the pancakes,1,5
17820,9c0ec1f1-d0a9-2209-cc2d-74c05ee36bcd,ycmyccastep7:cheeseawakens,0,5
17874,9c6f1bbf-057d-b111-3a3c-abfeedf8600f,bunker fun time academy,1,5
17938,9cf3c84b-bb93-e7e8-5db2-c2fd3858d76c,beyonce gnolls,1,5
17952,9d096dfc-b19f-bf50-28d9-2fcefd43898e,out of pocket,0,5
17966,9d2f229d-7bd1-77e5-5daf-3956994973b8,ycmyccastep7:cheeseawakens,1,5
18015,9d914337-37d2-9a5a-3fc3-3d9376b68efb,30 seconds to mosh,0,5
18033,9db125a2-a2a4-86ae-baae-63fa3b21c698,chogall chocolate factory,1,5
18066,9df1b0ae-5dd7-82cc-bb78-160a308aca64,ff & the pancakes,1,5
18076,9e082872-4325-e692-9c9c-1dd865f386a2,30 seconds to mosh,1,5
18104,9e439fff-fe7f-91e9-2f63-9c2f3142ad91,ff & the pancakes,1,5
18110,9e54d85c-86a2-f252-0b0e-130715f644b9,ycmyccastep7:cheeseawakens,1,5
18142,9e9d7976-9078-d297-ba0b-e2f257c1e44b,out of pocket,1,5
18174,9edf1b46-1236-8289-3b51-6c9deefdb978,ff & the pancakes,0,5
18191,9f02a536-6050-1b94-071e-7dd05ccd8d95,30 seconds to mosh,0,5
18220,9f4494b7-50fd-e58e-75f1-f08c306a8e82,out of pocket,1,5
18255,9f923a98-1451-2835-2fde-030759f30311,ff & the pancakes,1,5
18367,a08a6bdd-e120-ece2-fc51-69e720f1e016,ycmyccastep7:cheeseawakens,0,5
18406,a0d7779b-e614-91f7-78a6-9575fd2c0941,30 seconds to mosh,0,5
18407,a0d81903-dd44-8a31-68b1-829b1551d296,ycmyccastep7:cheeseawakens,0,5
18409,a0db78e1-6d47-5495-7dd0-3403c847a7f0,ff & the pancakes,0,5
18455,a13c38c0-20c4-493d-56c0-73a55337d83d,ff & the pancakes,0,5
18476,a1577d50-8662-d9e1-11ef-695453d65811,ff & the pancakes,1,5
18481,a15b17bf-95b0-c6fa-98e0-93466bffc595,infernal misfits,1,5
18498,a1735e44-80be-fc95-c8b0-a410a51d1a83,ff & the pancakes,0,5
18559,a1fe354e-558e-1247-a9d4-4694fb485659,30 seconds to mosh,1,5
18629,a2a346bf-6968-8f8f-54a1-43c6046e2aec,out of pocket,0,5
18648,a2c1b9f3-e3f3-479e-f9ad-6b83493d2b11,ff & the pancakes,0,5
18696,a33980d4-c7a0-5341-5cc5-73f380fbfde7,chogall chocolate factory,1,5
18697,a33aa999-e7f2-0df4-d607-73d3dc47acc0,ff & the pancakes,1,5
18698,a33aa999-e7f2-0df4-d607-73d3dc47acc0,ltk - we hate obj,0,5
18701,a3428d88-ba50-661c-fcea-248a13e31c6b,ff & the pancakes,1,5
18819,a43042a4-0627-2d50-a47c-74bcbae77bb4,out of pocket,0,5
18832,a4460535-363a-e6a6-8f13-ab0288c60678,ff & the pancakes,1,5
18847,a47157c4-4c0d-ac77-b4f3-5037130c500c,out of pocket,0,5
18863,a4a07496-4ea8-c9d7-d7d0-af5a8d00aa63,ff & the pancakes,1,5
18865,a4a1bb59-61af-ddf2-3e22-ceedfddacc75,30 seconds to mosh,1,5
18940,a5660765-a4f2-3ae6-22d8-861c5217d8b8,30 seconds to mosh,1,5
18983,a5ca1681-038b-5e49-0d11-4a8355fcf37f,30 seconds to mosh,1,5
19068,a68fa166-6ba7-6057-d3f8-671210101a1c,out of pocket,1,5
19070,a693be47-b172-dfe4-cd89-8ca52e4c23a9,ff & the pancakes,1,5
19091,a6d08c07-42c7-4ec2-1534-10a6b9350ed8,out of pocket,0,5
19092,a6d17c91-5afa-7209-f8a7-08da5dfbf6a3,30 seconds to mosh,1,5
19103,a6eeacda-a48d-61d5-900d-a0cc0e8d72f9,30 seconds to mosh,1,5
19137,a735a2d7-9c85-a9ac-19e8-b5f71476521c,ff & the pancakes,0,5
19210,a7cb6b7d-a47c-bd84-b906-30c6e78164cc,gold dragons,0,5
19285,a88c1e0e-0b18-c2e1-b1a8-cc4b6f51cdf6,ff & the pancakes,0,5
19335,a91a77f2-4e59-64ed-2476-3ee03fea8d1e,ff & the pancakes,1,5
19338,a92675b8-6ce1-9620-4d55-9fe98be15571,30 seconds to mosh,0,5
19367,a95ff1bc-9e30-6da1-947a-9ebdce590077,ff & the pancakes,1,5
19374,a972d5c0-e630-46a4-cf90-1423832c8e66,ff & the pancakes,1,5
19420,a9cd1980-49e8-d819-5730-731a33a06f77,beyonce gnolls,1,5
19450,aa0a4ce1-465c-baba-74fe-03375b070c65,ff & the pancakes,1,5
19451,aa0aa27c-f0ef-2223-a13d-ff6cc9f61e61,ff & the pancakes,1,5
19555,aad5b367-4924-5590-3b7a-b07e65bd1991,gold dragons,0,5
19582,ab13dd7d-5c8b-7426-5d6a-5444715ea847,ff & the pancakes,0,5
19585,ab19c77f-6c33-dffb-e310-adaa0e51680c,30 seconds to mosh,0,5
19599,ab2cf66b-64e6-dd37-442d-008dcda6c1c2,ff & the pancakes,1,5
19628,ab73cf61-dfb3-e1dc-0518-2c8e9ed5da4e,30 seconds to mosh,0,5
19656,abbb4693-964a-358a-9324-eca18eeb4beb,out of pocket,1,5
19748,acad1fb5-78fe-ec80-fc6e-f5eceaee3f6b,ff & the pancakes,0,5
19757,acc4eafa-0ae3-60bc-dbf7-02ec43ff4bce,30 seconds to mosh,0,5
19806,ad2544a8-1f88-8fb3-40c5-aa6d0edf5f0c,30 seconds to mosh,1,5
19823,ad50bad1-c184-d792-2553-3b0b269e94e8,ff & the pancakes,0,5
19847,ad805fb1-2aae-f7c6-5b75-9ec04cf3c300,ff & the pancakes,1,5
19853,ad918694-a51c-f0d0-90ee-5824e6f2973a,30 seconds to mosh,0,5
19877,ade2fe65-8f0d-78a1-c82f-6450cd2f7543,ycmyccastep7:cheeseawakens,0,5
19940,ae66c675-d956-8230-5081-01cd38afdb04,30 seconds to mosh,1,5
19963,ae97e5b9-45a2-3a13-eb09-e38fdd28adb8,out of pocket,0,5
19964,ae97e5b9-45a2-3a13-eb09-e38fdd28adb8,souls in slowmo,1,6
19988,aecf278c-05cb-1838-ec99-229af9e9f12f,ff & the pancakes,1,5
20005,aef551cb-b2e3-f648-6ab8-2537c32167dd,ff & the pancakes,1,5
20042,af31b390-99b6-264a-0b59-65cee8e05403,ff & the pancakes,1,5
20061,af51f2e0-42ad-30ed-2329-c431c1492c22,ff & the pancakes,1,5
20102,af979b84-e6a9-f158-1e1b-cbdb9f3cded5,ff & the pancakes,1,5
20124,afbc233d-4749-ab43-f315-229978eeb81b,out of pocket,0,5
20138,afdaba0b-7eeb-ed78-eece-33501dd6bdb2,ff & the pancakes,1,5
20187,b0257596-c97d-b587-a14a-954e0e7ab833,ff & the pancakes,0,5
20214,b0603653-6ad3-eec5-e357-b9f824d4c8e2,ycmyccastep7:cheeseawakens,1,5
20410,b1f3515a-6381-62be-e0af-5f78616424f5,30 seconds to mosh,0,5
20413,b1f90333-a27d-8e69-1e4b-8f4e9f045354,30 seconds to mosh,1,5
20415,b1fb6e79-d389-5003-3980-28c35e50f516,ff & the pancakes,0,5
20423,b206e2e4-5970-de83-415a-9a4008714bf9,out of pocket,0,5
20510,b2b41d47-cd04-d69f-1e0f-23db72590ed8,out of pocket,0,5
20512,b2bf3ca1-9be0-b837-4a74-af1ab60849a5,ff & the pancakes,0,5
20519,b2c848c8-e6b5-9550-0504-9f17d3bd1602,30 seconds to mosh,1,5
20535,b2e9461d-7299-f918-1ee2-76a5373f566e,out of pocket,1,5
20544,b2fee3db-5675-3ada-1a80-55d5848d7885,ff & the pancakes,1,5
20584,b36a32d3-add4-e950-f13c-7d3ba5debf83,30 seconds to mosh,1,5
20589,b375e981-5a44-164f-588c-b13db49092f4,ff & the pancakes,1,5
20744,b4e28fe6-21c7-c06b-1f02-09bd4ca68825,beyonce gnolls,1,5
20745,b4e28fe6-21c7-c06b-1f02-09bd4ca68825,ycmyccastep7:cheeseawakens,0,5
20746,b4e2e294-9aaa-e5cc-4162-852e02862679,ff & the pancakes,0,5
20791,b522a020-1e78-b1b5-1114-8881a30343f1,ycmyccastep7:cheeseawakens,0,5
20794,b52af05f-6ed8-5e5d-4dbe-db5d76d44f1c,gold dragons,1,5
20860,b5cb502d-4d6b-634f-8606-942df43c892f,ff & the pancakes,1,5
20957,b69be7c0-9172-3f1a-e8ad-49f3b44de36b,ycmyccastep7:cheeseawakens,1,5
20967,b6a983b9-fc09-4a05-e9ed-a1d18ec0e3bc,ff & the pancakes,0,5
21024,b73aeea6-cd7a-308c-1f0a-c9943d4c4477,30 seconds to mosh,1,5
21031,b746b4e0-533e-65aa-4e24-fb1893d3db5a,ycmyccastep7:cheeseawakens,0,5
21037,b75edc5a-3274-ade7-eaaf-3736d9357967,ff & the pancakes,1,5
21044,b77422f3-4b36-b874-2df2-2294c669d9b6,beyonce gnolls,0,5
21078,b7befde4-d571-9216-a775-ef26f8bbaade,ff & the pancakes,1,5
21104,b809a92d-0c52-5f4f-2aa2-d8c74d0208ca,out of pocket,1,5
21152,b881d9d5-a4ab-687f-14bd-29f68edb203c,30 seconds to mosh,1,5
21164,b8a2bb9d-edac-9edf-19ad-7979802411e5,infernal misfits,0,5
21170,b8b38570-46f8-146f-86e6-fce4efb69e5f,ff & the pancakes,0,5
21191,b8d4e928-376a-44ed-6201-6920093dd7c2,ff & the pancakes,1,5
21291,b9b6386c-f7f9-5ab7-7e25-599ff03949d7,infernal misfits,0,5
21358,ba4fba6f-be7a-88f2-dbbd-d9af1307fdf9,ff & the pancakes,1,5
21468,bb356919-78e2-d385-4a94-f1a62e06de78,30 seconds to mosh,1,5
21567,bc113a29-a850-2e54-ff27-7f781884e8eb,ff & the pancakes,0,5
21621,bc8ad4ca-ad31-4f46-af05-d75e0cefffe3,ff & the pancakes,0,5
21630,bc9ec350-aa07-ee06-26ff-47fd05e55305,ff & the pancakes,1,5
21644,bcb47b65-0657-6092-ccca-a89142aba13b,ff & the pancakes,1,5
21661,bcd8ec2e-ca9a-1df9-dde5-3eaa66366a49,30 seconds to mosh,0,5
21744,bd9f042b-e7da-bf02-d003-67b67edbbf13,30 seconds to mosh,0,5
21775,bddf8cce-1e82-9356-f56c-433fbcac4436,30 seconds to mosh,0,5
21895,bef774a6-24b8-f47a-7e3e-b616783d0cc7,30 seconds to mosh,1,5
21896,bef774a6-24b8-f47a-7e3e-b616783d0cc7,ff & the pancakes,0,5
21897,bef7c172-dc06-d2f9-4ab6-609e452f0744,ycmyccastep7:cheeseawakens,0,5
21979,bfba71d6-803d-f1e5-b325-5e9c5809613e,ycmyccastep7:cheeseawakens,1,5
21981,bfbd0f4c-36e0-857f-068b-c2a7e55771ca,ff & the pancakes,0,5
22060,c061b88b-49c2-45b0-8415-55d5d75c5756,30 seconds to mosh,0,5
22121,c13471c1-3fc0-99a6-17e1-8601c600c254,ycmyccastep7:cheeseawakens,1,5
22130,c149a6ba-95bf-ee19-72a9-20164bb8eddf,ff & the pancakes,0,5
22132,c14c9187-daac-d3f0-fd25-0a03edd40d4b,ff & the pancakes,1,5
22169,c1a3344c-b59e-325d-facc-9e812e9668be,beyonce gnolls,1,5
22186,c1c16d96-9b92-c0ce-9502-7240fc625a4d,30 seconds to mosh,1,5
22271,c259af39-84c3-8381-df2a-05325be4c42d,30 seconds to mosh,0,5
22272,c259b6e0-446f-4e9c-4a5a-c8fffe8a815d,30 seconds to mosh,1,5
22352,c2f98a32-4782-6348-bc62-29af94eb4711,out of pocket,0,5
22360,c30405f8-cf28-c16f-0154-0602fda73640,ff & the pancakes,0,5
22364,c31746e0-68a6-181a-539d-30b182778472,30 seconds to mosh,1,5
22371,c322a0fe-99c9-dd21-cb62-25705bd564a5,infernal misfits,0,5
22498,c436719e-f01f-0be2-4a5c-fdfef0bbef71,ff & the pancakes,1,5
22640,c58ba716-8d39-913c-8f3e-c96f236f801e,ycmyccastep7:cheeseawakens,0,5
22644,c59a4869-731e-7c9c-482e-f1e5350c372a,ff & the pancakes,1,5
22740,c68e6a36-80e6-1909-3528-d5d6c7268089,ff & the pancakes,1,5
22886,c7d8de73-693a-d714-615d-4967d7955224,30 seconds to mosh,0,5
22895,c7e67830-de8f-9b43-201b-b263b281e7d8,ycmyccastep7:cheeseawakens,0,5
22911,c7f86c6b-018e-11ff-10fa-0e4fb8571e22,30 seconds to mosh,0,5
22913,c7f98b7a-db29-2ef3-2c70-c57c86da5d7c,30 seconds to mosh,0,5
22951,c8491d18-c859-1ab2-e8a5-51df2eac354e,ff & the pancakes,1,5
23009,c8d257f9-b0ef-3488-d85d-7975a6c7b72e,ff & the pancakes,1,5
23033,c900cdcc-96f9-02ad-e55d-d9bcdd32c3b8,ff & the pancakes,1,5
23200,ca5f0299-5263-7390-d984-449aed47c65a,out of pocket,0,5
23204,ca69edc3-15c5-e880-238d-ee65bb0d9209,ff & the pancakes,1,5
23363,cbb3fc21-9226-d396-d046-b22821512083,ycmyccastep7:cheeseawakens,1,5
23366,cbb80e2d-9a68-3cc1-9f53-5c95656743bc,30 seconds to mosh,1,5
23404,cc116cb2-0518-d429-347c-eedf46aaef86,30 seconds to mosh,0,5
23416,cc28d9fc-10b8-bcba-5928-f62740a9ade3,30 seconds to mosh,1,5
23494,cceb0cf6-65aa-d19e-9d05-3606ffc1668a,30 seconds to mosh,0,5
23508,cd0d6039-02c2-97a9-c54d-e42d6aef54d3,out of pocket,1,5
23542,cd5728c1-1750-7e44-b35f-a2d5eca2dc5c,beyonce gnolls,0,5
23591,cdca219f-426e-4527-183d-49fc2b2353ce,gold dragons,0,5
23795,cf70d2b6-c98a-0d5d-4ead-73b4b957698e,ycmyccastep7:cheeseawakens,1,5
23797,cf7207a0-96e0-0f29-a3f5-9326aec6f6cd,ff & the pancakes,1,5
23834,cfc13c57-ce86-3638-f92e-3789a55182d5,ff & the pancakes,1,5
23850,cfe7d9bf-dfcf-9d0b-3c8f-1ebe6c75b384,ff & the pancakes,0,5
23863,cfff1aef-2c91-dde3-f616-63a2a0e260c9,ff & the pancakes,1,5
23898,d0578c20-7fbf-7861-6480-925f80b6f5d4,ycmyccastep7:cheeseawakens,0,5
23940,d0ca2333-9026-15b1-1f6b-c16981d73c61,ycmyccastep7:cheeseawakens,0,5
23988,d1454146-c8ab-5c4a-cbc7-539ffe4ec2cd,ycmyccastep7:cheeseawakens,1,5
23994,d14fee2d-8428-e5cc-2b59-cf81dd954b08,ff & the pancakes,1,5
24029,d1a3ea43-b6a1-8fad-2617-cdee8880d31c,30 seconds to mosh,0,5
24039,d1bebef0-37ae-c4d6-f550-1bc0e577a757,souls in slowmo,0,6
24048,d1c731e9-2d7d-2d4f-c48a-2989419e2cf3,out of pocket,0,5
24089,d2292c47-1ca4-848c-eb0f-7e8b95789d36,ff & the pancakes,0,5
24134,d28f5b5f-6667-54c1-8b05-a14c5eddebb5,30 seconds to mosh,0,5
24204,d31b7423-ac3d-6d13-1d83-9b4fa3b7b033,ycmyccastep7:cheeseawakens,0,5
24269,d39f5693-3dcd-71c9-4dc8-485594e99c27,30 seconds to mosh,1,5
24323,d41d6532-1575-05a5-60ad-caea86f10a33,ff & the pancakes,1,5
24327,d42905a7-d490-8b9b-0d53-7c628939dcc5,out of pocket,0,5
24418,d4f309b6-27f6-ba6a-76f2-146b7aab09a4,ycmyccastep7:cheeseawakens,0,5
24472,d5557f08-c6ea-f731-656f-cf4b4e8dfefc,ff & the pancakes,0,5
24504,d59854c4-6870-5601-caeb-00c869006547,ff & the pancakes,1,5
24547,d5f07f37-1674-e27b-9db6-b8aa10dbef9c,ff & the pancakes,1,5
24563,d61f82c8-aeca-f2a4-7088-13bee4abfe40,ff & the pancakes,0,5
24578,d643af33-8e08-982b-0901-e47344e22992,out of pocket,0,5
24631,d6a7c2b0-d98a-6327-2532-0bf6d3e10e15,ff & the pancakes,1,5
24741,d79d64fb-0205-16e9-3466-bc182c7a5824,ff & the pancakes,1,5
24793,d809a6f8-c0cc-fe76-61fe-ab5a07b4950d,ff & the pancakes,0,5
24841,d8700505-42cc-d14e-068d-041bd193f233,ff & the pancakes,0,5
24908,d8f9b79a-83db-426d-a71a-5fe417abcacd,ff & the pancakes,1,5
24911,d901283e-fcab-94cc-26ce-6acde9e23173,30 seconds to mosh,1,5
24961,d97b0ac7-ef36-60b5-019b-a65715592dca,out of pocket,1,5
24977,d9a72b80-4675-8c67-d7b5-24f0b813c163,ff & the pancakes,0,5
24998,d9dbdaf8-0e31-1146-f08e-0aed691ba035,ycmyccastep7:cheeseawakens,0,5
25015,d9fc801c-7d14-dba4-c517-23f9a2c86919,ycmyccastep7:cheeseawakens,1,5
25031,da15ea23-e030-60fd-dbc1-8bd480930dd0,gold dragons,1,5
25046,da2ded3e-97be-ff68-8845-c8c0c03d842f,ff & the pancakes,0,5
25116,dac22860-ab26-0840-f494-ff4e231e51ee,30 seconds to mosh,1,5
25138,daecc863-f9d4-e31e-30c4-a50e54496266,ff & the pancakes,1,5
25146,daf85638-1784-b423-3e33-289f88f116b2,ycmyccastep7:cheeseawakens,1,5
25167,db2944c5-8c69-367f-33bd-64872119355f,30 seconds to mosh,1,5
25180,db335d92-6771-840b-1186-feddc12110bd,ff & the pancakes,0,5
25193,db4d3cea-ee19-81ee-a617-3ac6f7e83ddc,30 seconds to mosh,0,5
25196,db527395-5fe4-e366-480e-f9a9f0494177,ff & the pancakes,0,5
25237,dbc535cf-3222-faeb-88a1-3580e829c30f,30 seconds to mosh,0,5
25311,dc6a2c20-76cc-129c-d8d5-7a8819922ba8,30 seconds to mosh,1,5
25336,dca7ffe5-fa47-6e71-770e-1d0d427b96a3,ff & the pancakes,0,5
25437,dd726160-1c2a-25ba-c59e-6da5a87d93a5,30 seconds to mosh,1,5
25485,dde496b1-cd87-fce2-f1a3-a2696d5b3757,30 seconds to mosh,1,5
25511,de24166c-2c1c-ad33-e419-7e6d40a45b80,30 seconds to mosh,1,5
25580,ded39448-77a9-2d5b-045e-573dd751d9a2,30 seconds to mosh,0,5
25672,dfa1efda-fe16-c7aa-532f-6ff8d2cbbf76,ff & the pancakes,1,5
25685,dfbadd29-9b2c-c185-b581-64a5cc3f86fc,ycmyccastep7:cheeseawakens,0,5
25748,e0520a65-4587-0b3f-2114-650e6a26700b,ycmyccastep7:cheeseawakens,0,5
25827,e1135afc-b839-7f55-4ded-f7e11e3c98fa,ff & the pancakes,0,5
25842,e12c2550-ffd0-4730-fa9b-7aa49ab38763,bunker fun time academy,0,5
25862,e14cdef9-f706-0541-3ff7-6c570a115743,30 seconds to mosh,1,5
25936,e1ef57d0-5813-4ca1-6ecf-18a74880a5dd,infernal misfits,1,5
25939,e1f11cab-c831-092c-53d3-b009f3281cc6,smoke,1,5
26049,e2f52809-3b86-e48e-4d2d-3190226df87d,out of pocket,0,5
26074,e31cd9b9-a12e-1e56-4362-9fd2afa1d9c7,infernal misfits,1,5
26085,e32e868d-39f6-0348-c210-1bbdfbf0fda7,ff & the pancakes,1,5
26132,e387ce65-d7ba-d583-f919-02a3d3d68d64,30 seconds to mosh,1,5
26158,e3c53c59-13d2-e5cf-aa98-23ae4324b5ae,ycmyccastep7:cheeseawakens,0,5
26249,e48a28ba-94c9-abf6-09e2-10f2b8bb3c9b,30 seconds to mosh,1,5
26257,e49f8d78-87ca-26d3-8255-5586998a26ce,out of pocket,1,5
26277,e4c27e1d-08fd-9d80-0d6b-a9b940282be7,30 seconds to mosh,1,5
26388,e5cea5be-8ece-4f76-6963-f5ad8bcdb633,30 seconds to mosh,0,5
26389,e5cea5be-8ece-4f76-6963-f5ad8bcdb633,ltk - we hate obj,1,5
26500,e6b3991d-d80b-b86d-9dc3-6f9abe2aa671,30 seconds to mosh,0,5
26502,e6bcefd5-19f9-9ff8-afd9-86edac2e6264,out of pocket,1,5
26524,e6f9c45e-b324-9fbb-7458-d555dd919c59,ycmyccastep7:cheeseawakens,0,5
26542,e71484ab-c28c-1224-b2bb-a6b9508906a8,30 seconds to mosh,1,5
26565,e74554ad-4d4c-e297-4ba7-1c77e9e473bd,chogall chocolate factory,1,5
26566,e74554ad-4d4c-e297-4ba7-1c77e9e473bd,out of pocket,0,5
26606,e7931d41-373e-5fd3-09e4-c3dbf07e50b0,ycmyccastep7:cheeseawakens,0,5
26685,e838c7b2-cd52-70a9-6eff-56af629d82e1,ycmyccastep7:cheeseawakens,0,5
26686,e83bcec3-b5d5-9661-f337-010ebbf1be99,30 seconds to mosh,1,5
26708,e87696dd-401e-079d-6b5c-2b4451db12ab,chogall chocolate factory,0,5
26717,e88461b2-aebf-4f8f-5505-b9313e1dddd1,30 seconds to mosh,0,5
26753,e8d0f91b-ee0b-0bd6-77ae-e08a0084f038,30 seconds to mosh,0,5
26766,e8fc81b5-9990-5455-9773-e5dfb87885b1,ycmyccastep7:cheeseawakens,1,5
26770,e902fcd7-7c42-f57e-9626-624127af1e79,30 seconds to mosh,0,5
26831,e99280f7-e853-827d-a268-4d5dd556e40a,ff & the pancakes,0,5
26926,ea7ec257-9270-5555-a072-ccc1bf4336e0,ff & the pancakes,1,5
26963,eacde522-90ee-cbb0-1823-77ce02485c47,30 seconds to mosh,1,5
26987,eb06a93f-db86-1666-7d5a-e34d84029772,ff & the pancakes,0,5
27074,ebb6bed3-7946-c8af-0358-6b446f47e2ab,beyonce gnolls,1,5
27108,ec154a43-bfb9-fc30-3a15-8ad95b47b04e,ff & the pancakes,1,5
27116,ec28035e-2cd4-9772-51d3-cb26d1cab90d,ff & the pancakes,0,5
27127,ec33cd53-2b50-69a6-db28-9fea08ef4ea9,ff & the pancakes,1,5
27142,ec5a8115-655c-8600-a03d-2a255af1c082,ff & the pancakes,0,5
27161,ec871383-59d6-252b-01ca-58d2346d3228,out of pocket,0,5
27168,ec8fef42-6dc9-fd72-3a61-096b8e0784f3,ycmyccastep7:cheeseawakens,0,5
27192,ecd6c5bd-9f5f-bbed-3c1f-f5f647544e97,30 seconds to mosh,1,5
27211,ecfab34d-6f3f-5882-23b5-4b3f1ba275fc,out of pocket,0,5
27239,ed3f07f6-445a-2ac9-31d7-59fb2aa5fb3e,ff & the pancakes,1,5
27241,ed3f86a0-1fff-30be-1ecc-e3059b8993da,infernal misfits,0,5
27246,ed4fcf55-18cd-9046-cb73-65ded844c80d,30 seconds to mosh,1,5
27248,ed557ad2-a609-ada3-bc12-21e059271d14,ff & the pancakes,0,5
27251,ed59a7a3-81ce-b2ee-255f-683f45cab5c1,ff & the pancakes,1,5
27267,ed8a7713-4302-8875-a754-d284b72e477c,ff & the pancakes,1,5
27284,edc1d2fc-f2cb-5b31-892c-b8985c7444f3,ff & the pancakes,1,5
27338,ee3a4a62-5912-280f-64de-25a3f945a828,ff & the pancakes,1,5
27430,eeec7ed9-6f2a-01de-02a5-1dfa157e0d53,30 seconds to mosh,0,5
27620,f0b54955-e950-efd4-65b7-9938b0a4f7c0,ff & the pancakes,1,5
27739,f18f474d-ed05-df71-da66-91180f754bc0,ltk - we hate obj,0,5
27740,f18f474d-ed05-df71-da66-91180f754bc0,ycmyccastep7:cheeseawakens,1,5
27852,f2875f56-fe36-a236-57cb-e3677ad89726,ff & the pancakes,0,5
27908,f30fff04-d948-9519-f93c-81a39050e39e,30 seconds to mosh,1,5
27909,f30fff04-d948-9519-f93c-81a39050e39e,ff & the pancakes,0,5
27951,f36bd17e-c568-1d1a-6d74-163629b37915,ff & the pancakes,1,5
27956,f376c149-1fd7-cfa7-853b-599835503f2a,ycmyccastep7:cheeseawakens,1,5
28025,f40fd9b4-bea6-a1c6-2264-01a7961415dc,30 seconds to mosh,1,5
28041,f42cc2bd-9f28-55e9-adc6-47680f634a82,beyonce gnolls,0,5
28042,f42cc2bd-9f28-55e9-adc6-47680f634a82,out of pocket,1,5
28074,f47079cd-6e6b-e5fa-a1f0-6546bfae9283,ff & the pancakes,0,5
28111,f4be17a4-98ac-ead1-82e1-aec2c53bf083,ff & the pancakes,0,5
28117,f4c6b84b-bf05-3f93-c739-9569d28aaf42,30 seconds to mosh,0,5
28119,f4c807d6-7a59-c07e-8875-7494bd21ab28,chogall chocolate factory,1,5
28149,f529336e-8874-ed0e-9e4a-a6d6dc86ef20,ff & the pancakes,1,5
28165,f541fac7-2396-c5c9-5821-c4d16ff541ef,30 seconds to mosh,1,5
28251,f60b228b-484f-8738-6414-6b499a9b89f3,ff & the pancakes,1,5
28264,f6357726-45f3-e805-844c-447f72cd221b,30 seconds to mosh,1,5
28284,f656d986-6b69-16a9-4f6d-bb920d3f7459,smoke,0,5
28285,f656d986-6b69-16a9-4f6d-bb920d3f7459,souls in slowmo,1,5
28302,f6859f6f-0378-477e-4b89-ad4d88a039d3,ff & the pancakes,1,5
28395,f73b4273-e064-40f7-cdea-ba9d6ef6df60,infernal misfits,1,5
28449,f7c1bb7e-b443-a55c-0707-0d467c9cd062,ff & the pancakes,1,5
28453,f7c54194-8928-9297-2e99-9c0a1b8f2282,30 seconds to mosh,0,5
28468,f7df05de-2fe3-515a-e4e7-3ce90bb929bb,ff & the pancakes,0,5
28494,f8140770-0a96-8fc5-0e80-2a4adc780834,30 seconds to mosh,1,5
28499,f81be9a4-ad80-c8c5-b5bd-71462731273b,out of pocket,1,5
28501,f82354d4-24f6-bcc9-afda-052ca749e940,ff & the pancakes,0,5
28594,f90b2e63-fa58-c47f-95b9-6b25d8966385,30 seconds to mosh,0,5
28600,f920afaa-d55b-e4cb-4a57-bab385e7387b,ff & the pancakes,1,5
28639,f981b668-4ca0-96a9-da02-4ceebfd8bcef,infernal misfits,1,5
28728,fa2c33bc-c814-b459-348c-46b962e59de0,ff & the pancakes,1,5
28732,fa319a97-921c-d293-3362-b24a0b490e5e,ycmyccastep7:cheeseawakens,0,5
28773,fa833f58-b986-66f3-a052-4f5cec7a9495,ycmyccastep7:cheeseawakens,1,5
28777,fa920054-9518-c45c-eeee-d810d2bb21e5,ff & the pancakes,0,5
28853,fb52d476-5e2a-1454-85f1-c284b462eed5,out of pocket,1,5
28893,fb9f1e64-cd35-429b-40fe-895a0205f64d,ff & the pancakes,0,5
29012,fcdcb46e-3ef7-a958-88f9-2cd4809fa27a,souls in slowmo,0,5
29019,fceba417-d21f-ab91-884d-d191c5795c2b,ycmyccastep7:cheeseawakens,1,5
29058,fd2a4489-c674-e2c4-3c0e-580c6c147606,out of pocket,1,5
29061,fd34d866-b6f4-f4c6-9b1b-c68007cb0ea3,ff & the pancakes,1,5
29078,fd5adcd7-c8e3-e4dc-b2d6-66d77f14c08d,ff & the pancakes,0,5
29210,fe848011-7784-340c-5dac-a7937a91edeb,out of pocket,1,5
29211,fe87ba83-ff32-8691-bef1-db851b62e4b5,ff & the pancakes,0,5
29286,ff1d4f6a-eb23-8a77-9c96-8deeab6544ba,souls in slowmo,0,5
29319,ff532045-3009-9fcb-7f29-7c1aa9af0fb2,chogall chocolate factory,1,5
29320,ff532045-3009-9fcb-7f29-7c1aa9af0fb2,infernal misfits,0,5
